First Name,Last Name,Birth Year,Pet Name,Phone Number,Random Pattern
Liborio,Simon,1953,Jamise,3909562989,letmein
Brea,Donnis,1982,Karia,3069588545,admin
Teejay,Jacilyn,1963,Rosland,0313947406,123qwe
Keonda,Jerone,2005,Dominiqua,4299434574,qazwsx
Makinzie,Sky,1973,Elicia,8262172902,qwerty
Temitope,Emilio,1990,Doni,9577016282,letmein
Sandrika,Joshuwa,1979,Rhoderick,6230131390,admin
Germany,Asma,2001,Shakeela,3616436022,qazwsx
Violetta,Courtnei,1975,Erickson,0373938416,123qwe
Amadeus,Suleiman,1974,Alissa,6119122476,1qaz2wsx
Lisha,Camielle,1982,Carleen,1660031991,iloveyou
Tiearra,Geffrey,1985,Shehzad,4805736769,qwerty
Shawntavia,Jacquline,1972,Artisha,2396575411,123456
Callee,Pearce,1968,Tasnim,6469526595,asdfgh
Anis,Shailyn,1974,Kandi,6353832841,1qaz2wsx
Megha,Dao,1992,Tya,1977305069,987654
Briar,Stacie,1970,Pattie,1984120809,123qwe
Sigifredo,Latravis,1990,Shaneeka,1850499319,admin
Lakeisha,Jeanna,1977,Jaruis,6363954464,iloveyou
Durrell,Raylene,1951,Jerret,4989929405,password
Satomi,Harrell,1956,Felishia,8740783591,1qaz2wsx
Martia,Briant,1974,Ramos,4142120186,123qwe
Eren,Robbert,1964,Almetra,2850207242,iloveyou
Dontre,Martavious,1954,Myosha,3061156930,123456
Arturo,Yang,1953,Brendt,3556348430,zxcvbn
Glennon,Zakee,1976,Lakeysha,3795262975,123qwe
Ceilia,Kiyoko,1981,Tamar,0266354612,password
Juliene,Stephenson,1986,Gianina,1729763001,abc123
Yezenia,Ransen,1969,Silas,4435388969,iloveyou
Edson,Kimbra,1999,Coleen,0182535783,abc123
Shamequa,Erice,1956,Angelina,0523642834,qwerty
Brannigan,Norwood,1974,Sherrita,9053415324,asdfgh
Lateia,Ella,1985,Kristal,4080185516,asdfgh
Oneill,Lajuana,2005,Oriana,6484578159,asdfgh
Nichlous,Blane,1982,Jalon,0747009013,987654
Preeti,Sissy,1996,Tyreek,5694417053,letmein
Alexas,Jarvis,1974,Jovan,7818807179,qazwsx
Mayla,Arletta,1987,Maria,8980656863,qwerty
Davis,Indria,1963,Danesha,5267019701,123456
Jeremie,Shelita,1976,Pavielle,1395002539,987654
Deysi,Misti,1963,Kedron,0298553122,admin
Markeyta,Gidget,1981,Jesseka,7312583126,qazwsx
Shayn,Sinthia,1994,Rosey,8294629145,qazwsx
Galen,Soleil,1960,Jeena,8483118460,letmein
Stewart,Jomara,1956,Chai,1340839676,abc123
Leshonda,Maurio,1991,Michelangelo,9540095891,letmein
Jennise,Bracha,1973,Alethea,2928201687,123qwe
Hiroko,Krystan,1967,Roseann,0630795148,admin
Shaquanna,Casimir,2000,Faris,0487764849,asdfgh
Carnelius,Taquoya,1952,Wynona,5381745734,1qaz2wsx
Terell,Alec,1965,Higinio,8310527858,123qwe
Revel,Sander,1990,Wilson,2144733684,zxcvbn
Randol,Tray,1983,Malissa,7108671647,zxcvbn
Tasheena,Myda,1956,Joanne,4905049557,admin
Shariff,Kalla,1958,Branton,0762895228,letmein
Genie,Xia,1971,Nancy,2879231406,admin
Shanequa,Courteney,1975,Natan,0595583490,987654
Mehwish,Sueann,1971,Shawnita,6934892335,asdfgh
Ericka,Allisen,1993,Perfecto,3382167035,iloveyou
Laguan,Margo,1958,Keyonia,3893421507,987654
Xavier,Tamla,1958,Yeng,5413760313,123456
Demario,Chistopher,1996,Jabari,2676877772,qwerty
Marianne,Gerrard,1988,Tabatha,3650341446,password
Jessia,Latorya,2000,Nohemi,7897650135,admin
Andreia,Shereena,2002,Diandrea,9309923731,abc123
Bryce,Nikolas,1984,Beverlee,5370957682,123qwe
Marne,Tyreik,2003,Kenn,4552046851,987654
Justis,Mortez,1955,Kristena,0940325399,password
Courteny,Hiroko,1955,Davie,4104541452,asdfgh
Reanne,Mickeal,1974,Kalynn,5868812562,123qwe
Ray,Shloime,1973,Kayce,4256414988,admin
Alain,Ivory,1984,Chassidy,7630082929,iloveyou
Shanice,Shavana,1970,Daneil,0374945335,123456
Kaven,Doua,1998,Jacquez,2431669597,qazwsx
Anabell,Tiesha,1991,Nateshia,6026532420,iloveyou
Rosann,Denishia,1979,Philana,4574330158,admin
Kayti,Jarrett,1965,Ronak,6975209364,123qwe
Jeny,Tim,1990,Kitrina,4522354274,iloveyou
Helen,Kateria,1987,Pam,1856414567,iloveyou
Genell,Frederic,1968,Serenity,9550109779,zxcvbn
Daneille,Rania,1997,Grayce,3849835907,qwerty
Coti,Brittini,1951,Rachal,1341027494,qazwsx
Jacquise,Marni,1985,Jayson,8911783368,zxcvbn
Omair,Tomie,1952,Sherida,9536289414,qazwsx
Calib,Annita,1973,Christain,9368147677,qazwsx
Gladis,Ladale,1977,Venancio,3651981477,letmein
Jalonda,Dyanna,1988,Laniece,3088751951,qazwsx
Jasmyne,Chaniqua,1964,Quantia,7574091638,letmein
Marino,Ralston,1961,Tenika,5789802730,password
Ainsley,Marguita,1994,Farzad,1401854257,letmein
Khary,Argentina,1967,Kenyotta,3161170632,qazwsx
Dashell,Huriel,1951,Manuel,3763926095,123456
Jarrid,Alondra,1974,Charita,9584667410,abc123
Solangel,Zong,1962,Emmie,9094963591,iloveyou
Larita,Oluchi,1990,Samina,0498509243,asdfgh
Zacariah,Mykia,1964,Mickelle,6437415141,password
Dewaine,Kofi,1980,Alyssa,8610069142,asdfgh
Yun,Leonidas,1983,Isai,1103661062,qwerty
Rasheed,Tim,1993,Emanuela,0246425512,987654
Kacey,Hara,1960,Taneshia,6072664230,admin
Kaelynn,Loma,1963,Shatanya,8462008754,1qaz2wsx
Bryne,Kennen,1958,Shamira,9934953776,qwerty
Margot,Eliah,1979,Montreal,8354556208,987654
Hernando,Rut,1974,Shaquilla,3694506220,iloveyou
Arline,Kristina,2002,Choua,7408250277,abc123
Malee,Demarko,1952,Yasmine,5572542911,123456
Jamilia,Sharifa,1967,Devina,1715511303,iloveyou
Reneta,Raj,2002,Amee,7355416913,123456
Terrisa,Hoang,1996,Nhia,8982666350,123qwe
Oralia,Alireza,2003,Jo,1517019379,zxcvbn
Danya,Noele,1966,Ronrico,4256664545,asdfgh
Tarvaris,Demetris,2002,Kaven,1915167778,admin
Courtney,Tenequa,1972,Leonela,7085809871,1qaz2wsx
Nickalaus,Blain,1983,Fionna,9678707919,abc123
Lateefah,Dick,1956,Pawel,1684538470,admin
Aleksandra,Raeven,1980,Pattie,4132068531,123456
Ben,Marijo,1988,Maire,6656181936,password
Kamille,Shaquana,1955,Shanne,9102389098,123456
Radhika,Linae,1989,Doris,0984611522,password
Shmeka,Demika,1985,Josph,9794422747,iloveyou
Jacoby,Lenn,1992,Sueanne,4200758338,987654
Gwenn,Mahmoud,1966,Garylee,7418903418,password
Hinda,Wiley,1976,Gianna,7777396280,admin
Otis,Violetta,2001,Dawnette,5501668120,abc123
Velvet,Harout,1955,Raechell,1790688229,123qwe
Takeya,Prescott,1997,Johnnathan,3777558755,987654
Matalie,Deneisha,2000,Katya,7366395577,admin
Keyundra,Kristylee,1959,Carlesha,3967771951,987654
Onix,Sunshine,1997,Tyesha,8119090220,letmein
Darold,Maynor,2002,Lirio,5394710255,iloveyou
Carlotta,Cami,1969,Martha,3642112587,987654
Shaunna,Ahslee,1995,Delania,9558018725,zxcvbn
Sheen,Navia,1955,Lashante,2659257061,letmein
Laressa,Aamanda,1960,Lashunna,0109632192,admin
Tibisay,Jenafer,1983,Laprecious,8487755619,iloveyou
Duante,Chester,1989,Charlise,7237638804,qwerty
Nelda,Kamia,1952,Lavender,4380511062,qazwsx
Dreama,Falena,1998,Velencia,7154289088,qwerty
Lasalle,Ashely,1971,Radha,0222241055,1qaz2wsx
Whitney,Katryn,1969,Shequila,8090102097,password
Emiko,Elzie,1959,Curran,9815837303,asdfgh
Darek,Nyeshia,1983,Otoniel,7501723395,letmein
Dontray,Vandell,1956,Jalon,5544093570,123456
Mykia,Lesha,1989,Duante,1832372636,qazwsx
Sunil,Ndrew,1977,Gracie,4051686486,zxcvbn
Cristo,Lenisha,1970,Lucila,6011257417,letmein
Joani,Roberta,1981,Brittan,9330584289,abc123
Shella,Eulalio,1981,Desta,3620662068,qazwsx
Reshma,Rickita,1972,Taleshia,4713353620,987654
Kenny,Tala,1959,Marisella,9658489734,qazwsx
Amesha,Deshawna,1970,Ricard,9959953807,1qaz2wsx
Keesa,Melyssa,1980,Shikira,6789723968,qazwsx
Danilo,Simpson,1991,Micaiah,9067255762,987654
Deangleo,Kirbie,1956,Mecaela,9545110894,zxcvbn
Sharda,Noal,1974,Lekeith,6921561149,qazwsx
Burton,Katrin,1983,Kanitha,3366937794,iloveyou
Charnae,Rennie,1982,Allia,4438101031,letmein
Elgin,Shakeitha,1954,Knox,7504094053,password
Victoriano,Elia,1976,Per,4751482493,1qaz2wsx
Markeith,Chantha,1997,Tacoma,0487307522,password
Kalah,Lasandra,1962,Renny,8979831644,123456
Davonne,Edgard,1977,Tekeisha,4640745108,123456
Magdalyn,Conley,1955,Jonnell,7805662996,letmein
Nicolina,Mahyar,1963,Meegan,3296884812,123qwe
Ena,Laudan,1955,Loree,6909120877,qazwsx
Dominga,Contina,1999,Carrianne,6469985343,password
Latiffany,Stavros,1978,Taura,6245182905,password
Navarro,Cayci,1978,Garan,2868628708,asdfgh
Sophat,Adham,1958,Jennika,8634748428,letmein
Jahmar,Vanny,1986,Kori,8774195869,letmein
Melida,Charmain,1954,Asley,3892156675,asdfgh
Stuart,Justeen,1957,Rima,9874448642,iloveyou
Channin,Aynsley,1972,Shakima,2344396679,abc123
Federico,Tenile,1965,Nessa,7237742976,letmein
Lashaundra,Launa,1990,Martyn,9721009426,abc123
Shermika,Renne,1954,Kisha,5705203821,password
Lesia,Shenique,1984,Chaquetta,1674836895,abc123
Stephon,Julee,1981,Shatonia,8157402028,123qwe
Cecil,Jarrid,1981,Leteshia,0858689465,password
Rolonda,Theodis,1990,Taryne,0725200218,123qwe
Meghanne,Kamecia,1973,Jone,0829164968,qwerty
Taneisha,Asleigh,2004,Yuliana,2387089083,987654
Tisa,Jossue,2001,Froylan,8455923026,letmein
Cristofer,Jayda,1968,Tambria,6424436790,abc123
Nathaniel,Maylynn,1982,Arlin,3498007334,iloveyou
Joron,Velissa,1968,Mikesha,4956539608,123456
Jalisa,Xandria,1962,Dinisha,2192643042,123qwe
Lakeena,Lewis,1985,Mairead,7247447710,password
Linell,Jsoeph,1966,Elie,7085988206,iloveyou
Laroya,Kawana,1991,Shatavia,8063527454,123456
Anibal,Chrysta,1999,Jeena,3383802677,iloveyou
Godwin,Sissy,1954,Taundra,3458202666,abc123
Tanasia,Demarco,1960,Jacqulyn,7263205589,qwerty
Gaspar,Marlayna,1982,Shanina,2464227157,123qwe
Chelsi,Hema,2003,Aina,0210583338,asdfgh
Kama,Deryk,1978,Shantrell,8421712754,asdfgh
Francheska,Sharifa,1971,Pj,5559254198,letmein
Kevyn,Marilyn,1998,Carolin,3725350325,asdfgh
Marenda,Alli,1956,Chenell,4407849599,iloveyou
Shanigua,Shavondra,1961,Christerpher,9173846602,letmein
Chessica,Asmar,1960,Larae,1452948986,admin
Uriel,Sondra,1962,Pedro,7008241085,letmein
Diandria,Kula,1950,Cathlin,8231159734,abc123
Robertlee,Taneisha,1983,Rayla,9333594252,letmein
Vijay,Areli,1960,Jacquelynne,4908398297,qwerty
Sharhonda,Rickey,1988,Aynsley,3978881756,qwerty
Michelina,Marlisa,1987,Gillermo,0018942016,zxcvbn
Cornelious,Loreena,1988,Aida,0432567621,admin
Alainna,Aleesa,1978,Juliocesar,7882723404,qwerty
Shronda,Keara,1957,Cheyenna,1135509737,iloveyou
Leandra,Kinyatta,1977,Jalil,1828152523,password
Fermin,Carlise,1975,Tasia,0536854577,123qwe
Shene,Janiqua,1995,Alichia,1838782851,qwerty
Tywana,Vong,1981,Yehudis,6640850260,123456
Lawrence,Ngan,1955,Myeisha,1684671993,abc123
Brittne,Lisa,1979,Jovany,2895633069,123qwe
Heena,Kenyatta,1962,Laketra,5037212602,987654
Tiffony,Rock,1955,Jakeline,6953024649,admin
Cynthia,Lawren,1952,Mayur,2863808248,zxcvbn
Kiri,Shenequa,1996,Vue,9401447356,password
Natosha,Christyna,1991,Raynold,1961911126,qazwsx
Ngocanh,Alder,1980,Marvette,9428478427,abc123
Aeriel,Taneka,1971,Krissi,8690090766,123456
Yehuda,Sharena,1961,Amanie,5588241281,qwerty
Woodie,Lupita,2004,Rossy,0098144027,123qwe
Jarriel,Eulogio,1978,Rashun,5917896622,qazwsx
Zenobia,Patience,1954,Leonides,9866301751,admin
Crystalina,Cherika,1992,Maggie,4154267333,admin
Tomasa,Chadley,1982,Janique,1393337709,abc123
Teddrick,Brandon,1961,Nycole,5664799412,iloveyou
Jheri,Cecily,1962,Deljuan,0136891284,abc123
Nieves,Giuseppina,1954,Antoya,4093306324,987654
Biagio,Alicha,1994,Leiah,8006875612,letmein
Charquita,Artavius,1963,Reshma,0342251935,letmein
Malissa,Sherie,1956,Jordyn,7715435385,admin
Demitris,Alie,1987,Linzey,4687359213,letmein
Kamara,Keenan,1961,Seanmichael,7399579213,987654
Chandria,Bridgitte,1963,Margaretann,0141819648,123456
Josephine,Herminia,1995,Quantina,0455187973,asdfgh
Giulia,Deatra,1975,Kamelia,7283653439,qazwsx
Shiree,Jaisen,1999,Garet,1270165680,zxcvbn
Chadwick,Quan,1962,Tonny,9816468966,admin
Ronn,Ernst,1982,Shantai,8712138565,123456
Shundreka,Thaddeus,1972,Sheria,9985810091,987654
Wynton,Timekia,1973,Kashmir,3841523431,admin
Reanna,Patricia,1955,Jolleen,5454585405,123qwe
Jahida,Elana,1987,Donecia,9112606847,qazwsx
Teaya,Jenny,1980,Arnesha,6735321984,letmein
Kris,Melvin,1976,Latosha,3405944335,123qwe
Corneilius,Dashelle,1961,Kamrin,2655563692,asdfgh
Laramy,Evan,1953,Elija,0989849251,letmein
Ivori,Chapin,1974,Ashleymarie,1037431323,123456
Molli,Dominee,1956,Panagiota,0674622409,qwerty
Aletha,Vimal,1952,Tambi,0717555581,letmein
Nakiah,Lakeish,1983,Chrislyn,0859581762,123456
Brittanni,Dushawn,1990,Joeline,3093099515,iloveyou
Jenel,Lynne,1986,Teyona,9062542270,zxcvbn
Seda,Alis,1975,Wendolyn,6187319262,987654
Danyell,Shawanda,1986,Madeleine,0612860004,admin
Severiano,Obinna,1986,Jennier,2397481273,1qaz2wsx
Dayna,Malena,1981,Lawanda,2938064100,admin
Norman,Darcie,1991,Allicia,1447070431,987654
Wess,Mikell,1979,Juvencio,5928036486,admin
Jolan,Bevan,1977,Shuntavia,7321560421,123qwe
Mickey,Cammy,1987,Del,7584712746,asdfgh
Sherena,Jarod,1994,Maika,4091139124,1qaz2wsx
Mirissa,Hoda,1993,Dondi,7004328497,asdfgh
Eban,Argelia,2004,Kezia,1103320158,123qwe
Reine,Madeline,1974,Genika,2053158974,abc123
Dakisha,Derrelle,2002,Stachia,4687573545,abc123
Krysteen,Remington,1997,Odilia,9901047651,abc123
Lindsee,Truc,1960,Robrt,3521226294,iloveyou
Shambra,Lorry,1968,Wilberto,4069056993,password
Valine,Marymargaret,1978,Jeanee,0488964054,123qwe
Sharicka,Kiesha,1969,Sara,4208685555,123qwe
Ambrea,Jermichael,1954,Maressa,5043033257,123qwe
Kwesi,Brittiny,1990,Jenny,4819895428,password
Taavon,Kreston,1984,Shamanda,6781715522,qazwsx
Kelley,Lenora,1951,Dartanion,0309399539,password
Dashell,Aser,1951,Ashling,4282335740,1qaz2wsx
Leeah,Kaitland,1982,Montreal,8771479512,zxcvbn
Rosheda,Yalitza,1966,Dnaiel,1333432258,qwerty
Genesa,Saleh,1959,Deondrae,7395007048,qwerty
Idelfonso,Melondy,1965,Andreah,1993238363,password
Sheilamarie,Akira,1984,Margret,4917350517,123qwe
Cordia,Jhonathan,1979,Rachelle,1203713674,asdfgh
Haylie,Latrista,1969,Jarmaine,0870826346,987654
Jennessa,Ruthie,1988,Leonora,8369867771,password
Reyna,Teralyn,1996,Coleman,1202918451,987654
Eliot,Laqueena,2003,Chritina,8412168258,asdfgh
Lavern,Randalyn,2001,Mikael,8242001493,admin
Salah,Holland,1989,Raynaldo,0604533136,987654
Talisha,Osborne,1971,Thyda,2999515287,password
Tassie,Rayanna,1978,Lily,3262748307,asdfgh
Erick,Shay,1977,Mahyar,7271599491,123qwe
Joslin,Brady,2004,Filisha,6916929294,1qaz2wsx
Karia,Guinevere,1987,Mikia,0585120001,iloveyou
Tawsha,Megham,1999,Amira,3624186304,123456
Gifford,Eamonn,1996,Gerrad,8141474188,password
Evalina,Delynn,1992,Travarus,4432993658,123456
Margie,Janin,1973,Janell,6118008646,letmein
Usman,Turell,2005,Shatonna,8189063969,123qwe
Yuvia,Charlsie,1970,Kiet,4038555387,letmein
Ilissa,Kely,1952,Grisell,2268345407,iloveyou
Tia,Deangelo,1964,Kendell,2900722204,abc123
Aruna,Shone,1993,Lonna,0636839994,abc123
Lacrisha,Hafeezah,1998,Analaura,2612585325,password
Yessica,Rennie,1966,Philadelphia,6016389695,iloveyou
Anthoney,Kendelle,1954,Carolynn,0292381681,letmein
Raschelle,Nancyann,1973,Andrika,7732409762,qwerty
Chereese,Randel,2002,Sampson,3142740196,qazwsx
Alistair,Alexan,1985,Wanita,4545486053,123456
Teagan,Woody,1980,Walid,3656749388,zxcvbn
Ledarius,Kenji,1958,Diedre,1161917050,asdfgh
Averill,Shatara,1981,Kevis,9550315818,admin
Dione,Kelsie,1999,Shanitta,5094790375,admin
Zakiya,Christella,1971,Ieashia,6336744414,admin
Jaramie,Terryn,1965,Edward,0772085822,asdfgh
Frankey,Latanya,1998,Samantah,1567247371,987654
Jerika,Dawne,1957,Markeya,3449519146,qwerty
Sarai,Moniqua,1952,Prem,0535273546,123qwe
Winton,Marvin,1985,Atie,1147435129,asdfgh
Phat,Ronte,1994,Virgina,9509704967,1qaz2wsx
Candiace,Ariana,1994,Nadene,3869566710,987654
Jerria,Kunal,1950,Vanny,4050626244,admin
Zipporah,Joye,1957,Akia,9432331025,admin
Rhea,Eulogio,1992,Arnesha,7031461988,abc123
Shanessa,Michelene,1966,Muhammed,0506554524,123qwe
Lyda,Lester,1986,Jetaime,6169334119,123456
Qiana,Elecia,2000,Emilio,2833195323,qwerty
Netasha,Johnda,1950,Homar,3631082075,admin
Chau,Adina,1950,Shajuana,9996513387,987654
Krystyn,Tyneshia,1989,Alexi,0968841809,iloveyou
Janeane,Tymel,1997,Deanna,2001669879,987654
Shiann,Sundee,1980,Asha,6579659562,1qaz2wsx
Casy,Thierry,1998,Kelyn,5731351382,abc123
Gigi,Lace,1983,Omolola,9364838310,qazwsx
Judas,Alia,2002,Chauntay,3499690236,iloveyou
Mathieu,Tyiesha,2002,Delia,2681148912,iloveyou
Tyrell,Elanda,1973,Montana,9948392404,qazwsx
Angeligue,Britney,1960,Teren,8181709387,qwerty
Marylin,Ollie,1978,Markas,9604580562,letmein
Eri,Montre,1985,Ennifer,0174688903,1qaz2wsx
Drystal,Ceddrick,1953,Devin,8839123266,qwerty
Roscoe,Laray,1993,Ieashia,4581598184,qazwsx
Jacquise,Sivan,2005,Lindse,7602728553,987654
Jaisen,Jhonny,1950,Gennaro,3040553621,letmein
Bronson,Grabiel,1988,Elisabetta,0447903655,qwerty
Coco,Annel,1991,Justis,4936695793,123456
Irene,Tanzania,2005,Kirstopher,4248555368,123456
Ildefonso,Arika,1958,Babyboy,1722949407,qwerty
British,Kristiann,1984,Ayelet,9052227287,123456
Casper,Detoya,1993,Alixandra,4077401315,987654
Nawal,Samantha,1990,Lucresha,8125048099,iloveyou
Michaeljohn,Alyssia,1980,Amdrew,8673468548,123qwe
Keyondra,Jodelle,1979,Denessa,2627119900,admin
Celeste,Maegen,1998,Bettye,6475262219,asdfgh
Delisha,Trista,1955,Adrien,5480299195,letmein
Chianti,Caridad,1982,Zeeshan,0823949127,iloveyou
Rocheal,Horacio,1974,Haim,8392081450,qwerty
Theodoros,Terrance,2003,Dewey,1289167841,password
Sheddrick,Shyann,1999,Heraclio,0628557295,123qwe
Aretha,Giovanna,1953,Shaylee,9068581921,admin
Rozalyn,Deonna,1988,Darcel,0501891015,qwerty
Alonna,Cleopatra,1966,Derric,3361175875,qazwsx
Willilam,Mildred,2005,Kostantinos,4187161508,password
Colbert,Raysean,1986,Katia,1677757263,iloveyou
Jeniffer,Ember,1991,Eva,7285052251,admin
Rissa,Neisha,2004,Sanam,0059323425,password
Nils,Janmichael,1953,Adrena,4007515810,123qwe
Lottie,Destiny,1974,Coury,1706055524,iloveyou
Zacariah,Favian,2005,Ehab,5282497463,admin
Anikka,Shaila,1999,Tawonda,3100617637,asdfgh
Arnulfo,Jamila,1973,Jamise,5825304072,qwerty
Curley,Shonda,1957,Daneisha,7566304920,asdfgh
Shakeeta,Sheleena,1992,Esdras,9623532319,qwerty
Koren,May,1996,Shandell,2040005700,qwerty
Esmeralda,Winslow,2003,Chassity,1784832780,password
Damico,Marili,1997,Jazzmine,7955438566,987654
Halston,Tariq,1993,Leticia,5359240505,qwerty
Dale,Brenten,1973,Emanuel,8031446961,123456
Laval,Karla,1989,Jolanda,9513769560,admin
Marquetta,Kystal,1966,Isis,6896134869,iloveyou
Zeshan,Anamaria,1999,Charle,0747929529,zxcvbn
Sheray,Atavia,1956,Mei,9943125677,123qwe
Romelia,Mervyn,1983,Danaya,0873974182,987654
Manual,Shayda,1970,Desere,7410733167,admin
Sudeep,Dia,1979,Meenakshi,1589220025,asdfgh
Candance,Herminia,2001,Jeremi,5697433065,987654
Brayan,Jaquline,1986,Weslee,6758695739,qwerty
Kule,Marcello,1964,Jerrick,4491751509,987654
Chasiti,Jennilee,1973,Phebe,8382102402,987654
Ozell,Javen,1964,Sadiq,4863731608,admin
Shelbi,Sharae,1988,Jujuan,5846879639,letmein
Yvon,Vishal,1950,Sharnette,6670674742,asdfgh
Arlinda,Marili,1954,Ronan,2453404937,letmein
Eder,Vonzell,1987,Tiauna,5407096658,123qwe
Erma,Autumn,1997,Quincey,3483300177,123qwe
Elizet,Anaiz,1982,Jahmila,3842834281,asdfgh
Magdaleno,Yukari,1989,Shantina,6455915707,987654
Keiry,Tenise,1952,Jabari,8204710641,qazwsx
Jonathan,Kensey,1992,Consuella,4093434840,password
Tzipora,Jia,1975,Reggie,9146328540,qwerty
Adryan,Alona,1957,Justene,4104163426,zxcvbn
Larrissa,Delroy,2005,Yecenia,6725114731,qwerty
Phillipe,Shalimar,2002,Lareina,6162713720,987654
Bettie,Shaconna,1963,Manuel,0971621121,letmein
Sade,Santia,1965,Maresha,7608933372,123456
Shamaya,Gricel,2003,Lateshia,0763897183,letmein
Keane,Hannibal,2004,Amara,5758375742,1qaz2wsx
Dani,Nija,2001,Rianne,3791936035,123456
Theotis,Sten,2001,Carolan,0303730944,qwerty
Severo,Brittanee,2003,Toye,0805013903,iloveyou
Lyndsi,Tanya,2002,Devyn,3739223022,987654
Brytni,Laya,1977,Tangie,1206756105,qazwsx
Niclole,Dyrell,1975,Kayna,0780968329,987654
Tevis,Sharnae,1996,Irena,1475372314,987654
Capri,Bronson,1973,Sinclair,9333994229,1qaz2wsx
Tamarra,Billi,1979,Katina,2690376869,1qaz2wsx
Athony,Sherrina,1974,Kaiya,1097698189,password
Erickson,Abubakar,1993,Johanna,8009147492,123qwe
Lasondra,Teryn,1987,Meena,4444192024,letmein
Ernst,Folasade,1958,Guido,9475081520,iloveyou
Allyse,Lashayla,1981,Minique,0957613294,iloveyou
Caela,Jere,1962,Addy,2829859228,qwerty
Keita,Shelina,2002,Kortez,6700499626,iloveyou
Kamber,Alastair,1955,Ger,5276687514,987654
Shelisa,Madia,1968,Kalvin,4860419904,asdfgh
Tamica,Rynell,1975,Aquanetta,7787191087,letmein
Tim,Charlsie,1982,Tria,9162712735,987654
Jaquetta,Trevell,1986,Melody,9640933711,iloveyou
Tawnie,Letasha,1977,Margeaux,3544359378,abc123
Cherell,Lamara,1996,Bethlehem,8931539404,qazwsx
Teana,Merinda,1973,Blain,8148383254,1qaz2wsx
Dathan,Fionnuala,1953,Javin,6365678733,987654
Grissel,Georgeann,1977,Holley,5417679585,iloveyou
Janine,Calvert,1999,Brittanee,1556962158,letmein
Vandell,Kesha,1964,Kaitlin,9344722996,987654
Cortney,Kee,1985,Baker,6188358032,admin
Rahiem,Maeghan,1959,Lamarr,9385294934,letmein
Lindi,Toniann,1987,Herby,8551800265,1qaz2wsx
Shawneen,Nazir,1992,Curtisha,7601324927,password
Megan,Donna,1958,Kenia,5825603756,qwerty
Ambrose,Evelena,1987,Davey,8349458448,qwerty
Cassidi,Chamia,1985,Moreen,6220647309,zxcvbn
Bach,Caralee,2005,Suni,7598667187,iloveyou
Delphina,Blaine,1993,Carine,6041930827,letmein
Abi,Marinda,2004,Josue,1851222583,123qwe
Jaylene,Silas,1984,Katty,3853785348,asdfgh
Alexandre,Vuong,1998,Sakia,3136506315,qazwsx
Mercy,Tyrome,1969,Lanisha,2256579285,987654
Vickey,Carrieanne,1955,Alene,1686581496,qwerty
Jerome,Gilles,1983,Jaja,4384983097,admin
Jousha,Rashidah,2000,Isela,2954759970,1qaz2wsx
Mcarthur,Nichols,1995,Shomari,3039033520,asdfgh
Loree,Raheim,1974,Dannon,0318374534,123456
Nashay,Jolly,1990,Lanell,8219532821,admin
Danie,Roschelle,2002,Arifa,0779294520,1qaz2wsx
Janae,Steven,1990,Kumiko,1857689045,qwerty
Jeffry,Demarr,1964,Tamra,1997311079,password
Darbi,Galen,1996,Keandra,4096469480,asdfgh
Ashira,Andres,1979,Aarin,3815044563,password
Damien,Farooq,1970,Sherod,6414564847,admin
Nichols,Doretha,1969,Labrandon,1542211730,admin
Margot,Jezreel,1989,Ava,5960167750,abc123
Jeramie,Sunday,1993,Retta,7767416905,iloveyou
Saba,Shalisha,1975,Kaitrin,9310294036,abc123
Makena,Alicha,2001,Mandilyn,7458986994,iloveyou
Kwana,Josilyn,1967,Cristinia,0998552472,987654
Kyon,Jacquelynne,1978,Jema,8301377876,admin
Siedah,Sheva,1969,Eben,1083652377,987654
Chrisina,Leonidas,1968,Chaz,6553174990,zxcvbn
Taryll,Jud,1985,Ebonye,3772181793,qwerty
Dinesh,Moises,1983,Vida,2893383400,iloveyou
Abner,Demetrice,1968,Abdulrahman,1140974197,abc123
Illiana,Deyonna,1953,Bernardino,4251442200,qazwsx
Anisa,Ashlie,1977,Cheskel,8932196525,zxcvbn
Cordia,Jerardo,1979,Mindi,6855418621,iloveyou
Dashawn,Genelle,1967,Yobani,2953569802,qazwsx
Landan,Durwin,1975,Phoebe,7142984377,abc123
Deysi,Damali,1965,Katty,2975993174,123456
Alishia,Maretta,1994,Lequisha,9704926288,123456
Chrissy,Whittney,1958,Myrlande,7983713622,letmein
Taria,Travas,2002,Laurice,7971957802,abc123
Marketta,Ante,1990,Talana,2496115726,1qaz2wsx
Ailene,Domonigue,1997,Carmilla,2621253195,asdfgh
Johnesha,Elenita,1984,Lashondra,9429880336,abc123
Kemal,Aneesah,1973,Chera,4440388773,admin
Reve,Lolita,1957,Kyeisha,2285368974,abc123
Josedejesus,Akbar,1960,Lavon,4680407560,asdfgh
Neville,Breeana,1974,Waddell,5854856849,987654
Kandi,Jett,1960,Avigdor,4319750108,qwerty
Jarrid,Britainy,2001,Lashaundra,2117421389,987654
Tedi,Morgaine,1960,Linn,0846514419,123qwe
Johna,Dupree,1983,Sophie,8927498149,987654
Fransico,Manda,2002,Shavina,2956578775,letmein
Arben,Elita,1988,Gatlin,1094285349,qazwsx
Gamal,Johnathon,1996,Nakea,2879151994,admin
Jathan,Harinder,1985,Laramy,6907313615,password
Keystle,Damar,1952,Justin,6088829623,123456
Deren,Tamaine,1974,Audra,5602608160,1qaz2wsx
Jack,Michaeal,1970,Alonso,1576868840,1qaz2wsx
Cyle,Eluterio,2000,Gary,7022085154,123qwe
Stephon,Chrstina,1989,Yen,6288401074,abc123
Gemayel,Janneth,1983,Mara,4941656119,abc123
Shaleen,Paulo,2002,Caresse,6743270652,qazwsx
Edwina,Tarun,1952,Teenamarie,7158154282,password
Loriel,Yomaira,1961,Sheilla,6497031907,qazwsx
Catharine,Dyane,1962,Lloyd,5307604143,qazwsx
Jo,Zechariah,1955,Kam,5366815809,password
Domonigue,Anupama,1963,Keely,3558757826,123qwe
Angeles,Robbi,1997,Loreana,6972644273,1qaz2wsx
Chans,Maylin,1983,Shawntae,9182523144,123456
Ioannis,Serafin,1980,Gerado,2599453036,zxcvbn
Tramell,Alexandera,1958,Deshan,1166683775,qwerty
Nzinga,Chi,1968,Latitia,1902327084,abc123
Sidra,Contessa,2002,Jeaninne,2464822172,asdfgh
Pepper,Fidel,2002,Marguis,6323248508,qazwsx
Shontaya,Nykia,1962,Laprecious,1824702758,987654
Rena,Ritchie,1960,Henery,2060416672,987654
Bobbyjo,Spiros,1978,Keondra,7172611708,password
Delena,Princes,1985,Jadon,6185946448,987654
Raynold,Dameka,1970,Jacqueline,3314307551,abc123
Nickole,Chantile,2002,Apollo,7031263421,987654
Sharity,Anneliese,1982,Aracely,8420882635,987654
Yoni,Maresa,2002,Lakeith,9205493673,abc123
Alicia,Kady,2005,Tristian,1712069415,qazwsx
Velencia,Henery,2005,Darlyn,7304402925,letmein
Kip,Susanna,1982,Kortni,7839040921,iloveyou
Shakinah,Waseem,1966,Nikeya,3092649618,1qaz2wsx
Kursten,Sheyenne,1951,Derron,6758573454,123qwe
Leslie,Mahogony,1984,Henrietta,7135623594,abc123
Keneisha,Chimera,1986,Tyrone,5375096804,letmein
Samir,Jeane,2004,Esteven,7835893792,asdfgh
Amani,Juvencio,1991,Catelyn,9158828974,qazwsx
Melodie,Takisha,1995,Trivia,2677439901,987654
Minette,Coty,1993,Treniece,6493879306,123qwe
Shawta,Cricket,1998,Corrinne,9119221491,qwerty
Hamzah,Audrie,1985,Chimira,3108334406,1qaz2wsx
Nastassja,Danita,1971,Deangleo,0827356810,abc123
Shulem,Keosha,1976,Allsion,9173201997,abc123
Rand,Janette,1966,Jalena,1486399598,password
Joffrey,Thomson,1973,Signe,7693490471,123456
Ginni,Israel,1995,Giselle,4558573649,asdfgh
Lakysha,Leshia,1950,Shereese,3647785212,987654
Agatha,Mi,1977,Terri,0763395156,iloveyou
Denesha,Lilah,1957,Christena,7898573090,987654
Breia,Jemimah,1956,Sheen,7190909151,asdfgh
Skip,Prentiss,2000,Tracey,7081776201,password
Tahirah,Gerri,1955,Laramie,6010328699,123456
Ikechukwu,Yuriana,1956,Anjulie,9578013829,987654
Margaretann,Sabah,1969,Tylor,9745114193,1qaz2wsx
Andie,Eliabeth,1985,Miri,0794764032,zxcvbn
Toy,Tarren,1982,Casaundra,1024635530,123456
Octaviano,Aliana,1969,Filomena,3151531089,asdfgh
Arion,Deven,1960,Karissa,7825197731,admin
Nicaela,Phebe,1955,Tauren,2521822841,123456
Shardea,Joal,1973,Teppei,9698836067,abc123
Montoya,Onelia,1975,Casaundra,5536401085,qazwsx
Lakesia,Ameka,1955,Jedd,9478347876,zxcvbn
Dewight,Shahera,1950,Ayasha,0401632869,admin
Maricarmen,Eunice,1974,Sherry,6312491139,1qaz2wsx
Taylor,Kaija,1987,Emmanuela,5960109339,987654
Ariann,Rakeem,1993,Tascha,2757221853,987654
Seneca,Aristides,1986,Camala,8645997992,password
Adina,Latora,1977,Brandeis,5573378818,qazwsx
Falena,Danon,1966,Ruven,1282644806,987654
Marysia,Pierra,1995,Yair,7453603271,asdfgh
Johanthan,Geneva,1969,Shareka,7237750304,123456
Willa,Charels,1971,Arleen,5709414617,987654
Ulysses,Kelan,1974,Brittne,6188870542,password
Kayde,Tyeson,2003,Cailen,5432542827,password
Jerrid,Calyn,1975,Tell,1202850619,zxcvbn
Vanecia,Hitomi,1950,Brinton,4847764519,qazwsx
Sameer,Eugina,1973,Ta,0225568539,1qaz2wsx
Sharra,Shadrach,1962,Shakena,3577010535,123456
Mykal,Dolores,1998,Cheetara,9017927957,zxcvbn
Zohra,Shaleena,1989,Jeorge,6301210059,qazwsx
Kamron,Jhoanna,1990,Sander,5364182455,iloveyou
Erving,Kellina,1974,Phil,5428468963,1qaz2wsx
Johnn,Laurajean,1967,Lateasha,1376890462,admin
Manuella,Carmencita,1974,Ferris,3078578723,zxcvbn
Ceirra,Cornell,1958,Lorenz,4883618269,abc123
Alesha,Marvin,1967,Carl,0352837876,abc123
Christana,Lyndse,1956,Mauricia,3049552833,987654
Shanine,Karyna,2005,Gideon,9989421973,qazwsx
Nereyda,Caly,1992,Cynethia,8404610460,123qwe
Conor,Esteven,1962,Jacqulyne,4903461261,123qwe
Markese,Dennis,1950,Kestrel,4512743119,letmein
Tama,Felisia,1976,Neri,6951964904,qwerty
Chenell,Rashawn,1979,Nasir,7812218519,qazwsx
Refugio,Montario,1970,Shera,6799542897,qazwsx
Jamerson,Geroge,1962,Fredie,1282128154,zxcvbn
Shandon,Nitin,2002,Ronney,7868681688,password
Berton,Charnell,1985,Nessa,4639252685,abc123
Ameer,Divina,1967,Rekeisha,8803450120,qwerty
Tieisha,Lars,2002,Larinda,8401006541,qazwsx
Layne,Catrice,1978,Anja,5936088362,letmein
Desaray,Cherisse,1954,Roth,9356829777,1qaz2wsx
Dionte,Didi,1987,Emigdio,7613385765,asdfgh
Toneka,Samora,1956,Bertha,6843156575,987654
Tasheika,Shara,1976,Dezirae,0394203852,asdfgh
Lekesha,Shaquan,1969,Ishia,9945296598,password
Richanda,Shanon,1977,Kesa,6085976492,abc123
Yu,Myka,1999,Takila,4086027159,1qaz2wsx
Yehuda,Antwon,1973,Josette,1160753158,qazwsx
Dilcia,Nikol,1989,Vonzell,5361013891,admin
Michelene,Shannette,1955,Howard,6333578751,qazwsx
Elsy,Klaudia,1967,Matt,4076469059,123qwe
Casey,Mechelle,1967,Shundra,2574776962,iloveyou
Irish,Colyn,1953,Jerrett,2859719520,qwerty
Marjory,Osualdo,1959,Jahida,9586648408,abc123
Martha,Amparo,1982,Rodrigus,2901437445,abc123
Reginia,Starlina,1965,Cara,4477114509,qwerty
Tarren,Carolann,1988,Ennifer,6327297688,iloveyou
Shaylynn,Shaunta,1961,Rebecah,0169568621,123qwe
Raechelle,Nichols,1951,Lawson,2051907914,abc123
Audry,Jannell,1987,Deysi,8129429555,iloveyou
Lakedia,Daneshia,1962,Karlin,8204257275,123456
Didi,Rabecka,1950,Lacrisha,6785678866,qazwsx
Chico,Annmarie,1968,Glorya,1261349600,iloveyou
Shamonica,Annalissa,1980,Leonard,3458162671,password
Nickol,Oris,1954,Robbert,9804702796,iloveyou
Bhavesh,Laressa,2004,Omer,0320485237,abc123
Mathan,Romney,1961,Mehgan,2072472886,asdfgh
Gregorio,Madina,2004,Clementina,9600408523,admin
Bartlett,Canisha,1969,Athony,2898709354,zxcvbn
Bess,Renay,1977,Cera,2876136252,qazwsx
Jaisen,Saroeun,1985,Sammantha,3039447947,letmein
Rula,Mahlon,1990,Colson,9244403501,zxcvbn
Grace,Borden,1973,Hervey,8617497482,iloveyou
Audrie,Terina,2002,Daneen,7970050152,1qaz2wsx
Oris,Shuntay,1995,Pat,8257879910,qwerty
Braulio,Erwin,1965,Jimena,4407404004,123456
Vanassa,Eri,1972,Lamesha,2320095473,qazwsx
Rodriguez,Shannah,1998,Sindy,2800811725,iloveyou
Marlayna,Sashia,1966,Garo,3813026841,zxcvbn
Marland,Larrisa,1950,Marquin,8442470422,password
Sylivia,Carlon,1977,Migdalia,6288667267,123qwe
Naji,Milos,1964,Zakiyah,8769762312,password
Geri,Marla,1987,Moya,2312815584,password
Elvis,Special,1975,Mayo,3380520770,qazwsx
Callee,Shemeka,1960,Lindon,8748525247,zxcvbn
Greyson,Shellee,1952,Lucrecia,8357409737,123456
Lory,Sarkis,1959,Joelene,8525081113,admin
Chasitty,Cacey,1994,Anikka,1874444568,iloveyou
Icy,Deljuan,1975,Vernon,3860140375,zxcvbn
Roshana,Terrilyn,1951,Javon,8373743100,zxcvbn
Merida,Hedy,1976,Mackenzie,3596565365,iloveyou
Jaylyn,Massiel,1954,Shauntea,3136200649,123qwe
Davina,Delissa,1998,Enmanuel,4330361590,123456
Jenah,Jovana,1983,Myranda,9789424708,iloveyou
Mickey,Jonel,1998,Micaella,5002025364,1qaz2wsx
Dimitra,Josha,1968,Jinnie,7504667517,admin
Deanndra,Camillia,1961,Eben,6364400759,admin
Bj,Ronnita,1986,Jemma,8648218838,987654
Lynelle,Tania,1964,Nicklas,7560747641,admin
Nekole,Ellery,1972,Linford,2709938704,password
Almeda,Feige,1957,Janalee,2208539293,abc123
Kruti,Cieara,1977,Elya,4464424246,987654
Lacrecia,Alejandro,1956,Annisha,0591266585,asdfgh
Triana,Cendy,1962,Khadija,0299219975,password
Nausheen,Britne,1955,Niccole,0309208091,123qwe
Shaterica,Misti,1976,Selah,4592448379,123qwe
Dior,Niccole,1965,Dena,6306560184,zxcvbn
Sequoya,Jerral,1971,Taylon,0353874647,admin
Quintez,Yaw,1981,Mayda,7763678796,123qwe
Feliciano,Ray,1978,Sharrell,0796614869,qwerty
Latisa,Argentina,1952,Valeen,6006196871,1qaz2wsx
Verronica,Virgil,1976,Leatrice,7865441649,asdfgh
Nyya,Viktoria,1980,Michala,4698434007,123456
Kellsey,Honey,1987,Shawnita,3060353507,qwerty
Marilou,Taffany,1981,Melanee,0816922474,qazwsx
Keion,Kalei,1957,Jarold,2219659860,asdfgh
Salma,Lauralee,1994,Geramie,7363490199,qwerty
Vida,Kailey,2005,Jennika,2331806058,abc123
Ebonye,Myranda,1962,Lissete,4443053089,qazwsx
Claiborne,Chais,2001,Charmagne,9682778917,abc123
Youa,Ludivina,1980,Wallis,7826508615,qazwsx
Sabino,Jessaca,1999,Jaquline,7402851210,1qaz2wsx
Arika,Arisa,1951,Aliea,0385698236,qazwsx
Keyana,Lakara,1984,Marianela,6462794065,987654
Gunner,Ronell,1976,Zia,7346991868,zxcvbn
Kosta,Thy,1971,Lyndie,2522617261,zxcvbn
Sanuel,Tavio,1978,Renita,6331352299,987654
Deontay,Kary,1998,Terasa,7144262496,abc123
Ronson,Lizann,1962,Lakenya,3147351917,admin
Timika,Stratton,1994,Lavonda,1740220770,1qaz2wsx
Carles,Scottie,1995,Demarko,4026928937,123qwe
Crysti,Kaj,1974,Johnanthan,4204010750,iloveyou
Nashira,Madison,1973,Shajuana,7262642004,iloveyou
Omega,Jhonny,1989,Tavin,9421890871,123qwe
Genavieve,Arcadio,1968,Tysheena,1142120508,iloveyou
Anique,Emely,1985,Matthias,6381144732,iloveyou
Terrin,Luca,1997,Batsheva,9599477372,asdfgh
Kahley,Catrinia,1964,Sok,5701411196,asdfgh
Jeannette,Mai,2002,Janeen,5708028788,abc123
Hezekiah,Dalya,2002,Adriel,4882179281,123456
Loriann,Thuan,1988,Bettina,6697175152,987654
Dwana,Arabia,1970,Richele,4856037903,qwerty
Ean,Mahala,1962,Benny,9590151341,987654
Terra,Geron,1985,Fabio,9502926327,qwerty
Jerusha,Solangel,1962,Jaima,1210614405,abc123
Jarell,Crystin,1998,Avon,3853653188,admin
Geovanna,Lino,1988,Les,6835595815,qwerty
Nyles,Jamere,1990,Deontae,4232626165,987654
Ashby,Maxamillion,1971,Dearl,0278932747,1qaz2wsx
Tequan,Gabrial,2003,Yetta,2450270565,asdfgh
Sharmane,Doug,1976,Georg,5399809584,1qaz2wsx
Jericho,Lashaunda,1983,Jeni,4298193989,password
Keren,Oswaldo,1975,Jaamal,7785017834,abc123
Detra,Shaelyn,1985,Takeila,0460711914,123456
Reba,Elwin,1977,Mohamed,6996291921,iloveyou
Eldra,Angus,1972,Indiana,7517679924,iloveyou
Sharea,Soraida,2001,Latham,6498208525,zxcvbn
Dreux,Carmesha,1994,Liam,4142494128,qazwsx
Mathhew,Amando,1952,Tully,8566302640,1qaz2wsx
Delbert,Nicolette,1981,Analiese,4254765570,password
Malik,Jeren,1996,Brennan,8272987724,admin
Yale,Malcom,1954,Dylon,8445534256,letmein
Cherly,Rocky,1978,Naketa,5477995542,qazwsx
Sequan,Korinna,1961,Cherika,6204921057,iloveyou
Severo,Chadney,1973,Shawndrika,8141612223,password
Stephon,Keosha,1964,Josue,3814280745,asdfgh
Anaiz,Dexter,1953,Taina,7602496120,qwerty
Arnecia,Larysa,1969,Anique,0990207720,admin
Vencent,Tanyia,1965,Korie,1876474448,qazwsx
Magdiel,Towana,1977,Tashiba,6080115955,1qaz2wsx
Amando,Jones,1972,Rama,3165897947,letmein
Nasha,Brette,1953,Tawnia,4088990903,iloveyou
Halana,Charlette,1993,Normand,2790370437,letmein
Flavio,Kenyatta,1950,Kodie,8206450218,zxcvbn
Nakendra,Shavon,1999,Javarius,0529543522,123qwe
Rickell,Hashem,1995,Evens,5657325045,123456
Dashanna,Adelina,1985,Doanld,7638362691,password
Janis,Francheska,1969,Chrishanna,3618552950,123qwe
Jaynee,Kameshia,1957,Halina,2410076626,qazwsx
Marlicia,Bishop,1965,Yoselin,5340517954,123qwe
Jihan,Norissa,1985,Martin,2454896244,iloveyou
Sherah,Nita,1952,Vera,1490138643,qwerty
Ashli,Bethanie,1953,Elvera,9197113850,password
Miquel,Olanrewaju,1977,Letecia,6306658044,987654
Brittane,Nicasio,1998,Adah,6352769899,1qaz2wsx
Amparo,Shataya,1975,Artez,1901406976,123456
Toni,Latravia,1994,Loredana,3920438353,qazwsx
Eward,Samanatha,1963,Shaylin,3674876191,1qaz2wsx
Damica,Shainna,1980,Aunna,1295446515,admin
Donnamarie,Socrates,1991,Christe,9343836352,zxcvbn
Tenisa,Lacora,1979,Datron,7845795630,qazwsx
Laquenta,Ma,1991,Elisah,6217126579,iloveyou
Merry,Meah,1963,Ramel,8522981818,password
Alford,Chasya,1964,Tawonda,5472650951,qwerty
Nguyet,Darnelle,1998,Alexandra,6924056899,letmein
Bryston,Durand,1958,Mac,1782954429,admin
Ashleen,Avital,1971,Sarkis,0064521263,qazwsx
Derel,Sabino,2000,Amado,1704056140,letmein
Natavia,Kalvin,1974,Thavy,7196896097,abc123
Kalia,Humza,1985,Umar,6679512234,qazwsx
Mea,Carly,1956,Karista,2272949817,123qwe
Lorena,Glyn,1951,Taheerah,8716313471,admin
Shemeika,Lamonte,1982,Nyles,8882193603,123qwe
Merrie,Amena,2005,Kimberlyn,4500039265,123456
Al,Jani,1997,Kelby,0675849515,letmein
Larenda,Letica,1981,Nakiesha,5401668650,asdfgh
Curtrina,Leane,2001,Laryn,0969813274,iloveyou
Aquanetta,Naketa,1965,Eunique,9275831351,123456
Brndon,Maegen,1979,Daneisha,3309549417,iloveyou
Lynard,Sana,1952,Avani,8273636739,letmein
Marvel,Maryclare,1989,Kilee,0958901371,qwerty
Larae,Fredy,1974,Tabitha,8679373110,123qwe
Rakeem,Henri,1995,Kourtnie,4721779397,123456
Krzysztof,Shalane,1962,Marice,7674109498,123qwe
Karyn,Ludwig,1956,Dain,9129817878,password
Danell,Cantrell,1965,La,9322000545,qwerty
Seara,Joshuia,1971,Bailey,1267098679,987654
Jammie,Vince,1962,Rita,6344507156,iloveyou
Grant,Terrick,1979,Esiquio,3699291314,987654
Pari,Tristian,1971,Wellington,7100593487,abc123
Devin,Alfonzo,2001,Erez,7901736742,asdfgh
Yuriko,Keleigh,1989,Katlynn,6534648253,abc123
Dolores,Teyona,1999,Kentaro,9662892440,qwerty
Korrine,Latoria,2001,Tanicia,9847814663,admin
Trista,Nilesh,2002,Kehinde,5124192242,admin
Brenen,Shareen,1987,Shantrell,9841198558,password
Clintin,Mariella,2001,Shameek,2371791351,zxcvbn
Licia,Kelina,1979,Hughes,2926209221,asdfgh
Charita,Carles,1950,Huan,0132517175,1qaz2wsx
Ketrina,Daesha,1970,Leaha,4194030244,password
Ector,Sheela,1951,Bijal,5864884567,iloveyou
Leisa,Travas,1967,Willem,5865297016,zxcvbn
Parish,Rashonda,1997,Cleavon,8656262557,qazwsx
Shawntel,Genoveva,2002,Jeanpaul,8767820808,qazwsx
Dujuan,Ernestina,2003,Jeanny,3371449417,qazwsx
Brande,Destinie,1985,Arnecia,2802007044,987654
Ineisha,Roshawnda,2000,Christos,3327760789,qwerty
Ladarius,Makeisha,1967,Aiesha,5007719057,1qaz2wsx
Carlito,Shelise,1961,Rozanne,8428733084,abc123
Tyran,Attila,1979,Tafari,9995877920,123456
Ahslee,Raquelle,1983,Linday,3089183243,iloveyou
Keil,Carressa,1989,Joathan,1974042144,zxcvbn
Jaci,Sherrica,1986,Malcom,4576806997,qazwsx
Torry,Shanda,1992,Moishe,1333199343,asdfgh
Corwyn,Tosh,1952,Kaden,8559313516,password
Mathhew,Wykeshia,1961,Anabelle,6394938154,123qwe
Racquel,Shanieka,1968,Riki,1246184941,password
Reggina,Lavonna,1953,Vickie,2122742705,qwerty
Monesha,Jilliann,1963,Janae,4944837498,123456
Zeeshan,Porsha,1950,Holden,6608629819,1qaz2wsx
Brihany,Debbie,1991,Nydia,1257255530,123qwe
Tobias,Ilene,1950,Reisha,1817846997,asdfgh
Kumar,Tove,1993,Astra,2726716350,qwerty
Chrsitopher,Wesley,1970,Danyella,5409992760,letmein
Tunisha,Camryn,1970,Willilam,0511156648,123456
Sal,Adrea,1975,Acacia,2477196490,iloveyou
Kinsey,Dannica,1968,Lyssa,6793879438,letmein
Kaipo,Pat,1959,Sudeep,5382737523,abc123
Korinne,Breana,1957,Jerold,7684192247,admin
Stephane,Rihana,1950,Kemberly,2223807547,letmein
Carrisa,Adrew,1996,Zacharie,9055011947,123qwe
Maryetta,Shaylene,1988,Kaela,9327320805,iloveyou
Teairra,Raymond,1993,Brieann,8706932711,asdfgh
Deric,Bernardette,1988,Corinn,8484786736,1qaz2wsx
Zacary,Careen,1988,Libbie,3861655354,zxcvbn
Maynor,Shane,2005,Dawson,3771063582,admin
Khou,Tawanna,1955,Tyke,1454516222,qwerty
Dain,Sissy,1954,Domonique,7895690307,qazwsx
Shonelle,Tabita,1978,Jaems,6194637785,abc123
Davidmichael,Zoey,1999,Darrin,0435647061,123qwe
Jennalee,Sharli,1954,Immanuel,1729779200,password
Delois,Benedict,1971,Adarius,7139866512,123456
Daytron,Akila,1984,Jimmie,9149572504,admin
Stephenson,Divine,1983,Kehinde,5142107900,letmein
Jennife,Bladimir,2003,Zacharia,9319210532,qazwsx
Esha,Ramondo,2001,Tanay,1040303885,qazwsx
Angellica,Erineo,1953,Xochil,5540326018,iloveyou
Margaret,Stefanie,1970,Claudy,7320153884,123456
Viktoria,Terrace,1988,Aarion,7796032301,qazwsx
Jered,Jacky,1964,Tashira,0220121100,password
Neesa,Tex,1965,Tajuanna,0635103327,987654
Akeya,Roby,1960,Bijal,2849455268,iloveyou
Milos,Marquist,1973,Lorrie,0580293839,password
Merry,Jung,1991,Natisha,1087083362,123qwe
Naudia,Letitia,1974,Yaritza,3819209686,123456
Alivia,Jazmaine,1980,Alden,6453222554,987654
Reiko,Cherilyn,1950,Toussaint,8961767922,asdfgh
Symeon,Yehoshua,1984,Faizan,0041240960,zxcvbn
Renard,Abi,1977,Jasmine,3103065048,zxcvbn
Kevina,Zubair,1976,Marek,0472917368,password
Haydee,Reo,1969,Graham,1987196092,abc123
Neelam,Dejon,1997,Adnrew,1302865496,qwerty
Robbin,Briza,1976,Fatisha,1361858394,1qaz2wsx
Dollie,Brookelyn,1997,Nikki,2265070374,123456
Aneesha,Robin,1999,Abdulla,6331889989,qwerty
Davonna,Rudi,1983,Undra,5224843666,qazwsx
Colwyn,Andra,1987,Kellina,1818519493,letmein
Kelisha,Orestes,1983,Shakema,3296364251,zxcvbn
Alainna,Nathaly,2001,Geovany,1053151300,iloveyou
Shanyn,Shakeda,1997,Webster,1925786948,qazwsx
Gerell,Frieda,1989,Brandis,7323001714,123qwe
Tyrrell,Cornelia,1977,Taunya,1135626842,1qaz2wsx
Saturnino,Rahcel,1992,Armen,6981407242,123456
Keva,Chancy,1973,Lennox,7380850393,letmein
Selwyn,Jumaane,1984,Melva,0326183547,letmein
Jennica,Darik,1997,Kimberlyn,8123551637,987654
Shai,Demaris,1985,Donvan,1859484042,1qaz2wsx
Stefani,Dashan,1984,Habiba,6515550763,1qaz2wsx
Pia,Gadiel,1996,Joyanna,4340514662,asdfgh
Violetta,Nery,1970,Kennita,3916345391,123qwe
Alena,Demarcus,2000,Arissa,4069924270,123456
Tarynn,Alisen,1994,Jamarion,7885793865,1qaz2wsx
Megin,Melvyn,1966,Evertt,2199013810,letmein
Rashunda,Arben,1982,Chalise,9061406331,zxcvbn
Mickala,Derell,1987,Lemont,9160011084,987654
Daneille,Hamid,1996,Sarrah,0036203348,qwerty
Tangee,Benjaman,1997,Bradon,2915095653,password
Dori,Keenen,1957,Jakki,5437802221,admin
Nicklaus,Reve,1997,Elita,4579026105,asdfgh
Alycia,Coy,2003,Rocky,4501263575,password
Lucero,Karianne,1950,Nadya,4450233595,password
Neely,Ferlando,1993,Aharon,8845628161,123qwe
Adrain,Valaria,1965,Bertram,5830674389,987654
Monifa,Mackenzi,1990,Lavanda,1776599905,qwerty
Ryland,Carlon,1965,Phalon,6018167231,1qaz2wsx
Margery,Jazzmin,1995,Mickael,1045683220,zxcvbn
Oshua,Mariavictoria,1990,Gerri,3603636878,admin
Ashlen,Janet,1974,Samantah,0048880943,qazwsx
Alysia,Duwan,1960,Kody,8941078836,qwerty
Elan,Idania,2001,Kirsten,3731525555,abc123
Larren,Aryana,1994,Consuella,5758355707,abc123
Annika,Ronan,1962,Jose,8559935888,password
Hayley,Carli,2002,Falena,9127647274,letmein
Cherith,Rikita,2000,Isiah,8608837162,asdfgh
Tarna,Meghan,1970,Marilu,8434201944,password
Aydin,Desma,1994,Serra,6843341167,asdfgh
Nnenna,Jabari,1966,Osmond,6032232075,1qaz2wsx
Suhey,Tekisha,1957,Charnita,0461554042,abc123
Shiva,Lierin,1966,Gautam,6393782871,zxcvbn
Deona,Sharisse,1964,Devron,0847982332,123qwe
Bryston,Sarahann,1952,Tashira,5545331423,123qwe
Jozette,Dupree,1999,Jeneal,0069937647,asdfgh
Reshard,Domingo,1966,Dania,7262067464,iloveyou
Jennette,Deonta,1983,Joseluis,6849836381,asdfgh
Kalika,Kerie,1995,Khaleah,9809731904,123qwe
Devonte,Karlita,1952,Jerral,3087880468,1qaz2wsx
Waqas,Hollyanne,1999,Isaih,5171084839,987654
Greer,Raha,2000,Mamie,7166915485,987654
Joyanna,Starsha,1961,Shanina,6343377575,qazwsx
Bridney,Carmilla,1966,Shevonne,5399181635,123qwe
Vaughn,Tierra,1954,Latessa,5118711199,123456
Laguana,Jacie,1956,Mayte,2549111701,password
Lachasity,Miceala,1977,Cort,2385725592,password
Morgana,Dalyn,1953,Belkys,1218065341,asdfgh
Ralphel,Shital,2004,Jada,3871921529,1qaz2wsx
Evette,Seretha,1972,Hannan,9563722063,admin
Bubba,Ramina,1981,Chey,3088051401,abc123
Franki,Susana,1980,Mauri,8652805588,1qaz2wsx
Milka,Sherly,1951,Clair,3081059765,qwerty
Raudel,Modesta,1964,Nyiesha,4007459060,qazwsx
Larae,Bettina,1961,Rebella,9465096092,123qwe
Laroy,Shante,1975,Aruna,6855241117,1qaz2wsx
Nicolet,Leonda,1983,Peggy,2564804059,qwerty
Telecia,Kateland,1993,Crystall,5148087050,987654
Brittony,Ahsha,1971,Rayla,1543949576,abc123
Claire,Duan,1968,Jeanann,9549052654,123qwe
Cirilo,Deshae,1957,Cadi,8653973306,asdfgh
Carolina,Joachim,1970,Otilia,0805437555,iloveyou
Ichael,Maybelline,1966,Maurisa,8227424424,qwerty
Ascencion,Domingue,1962,Sharayah,7422255597,987654
Tang,Eman,2005,Joson,7156232174,letmein
Haskell,Lamaar,1994,Carlyn,5290152035,1qaz2wsx
Astra,Laquetta,1980,San,1385550709,qazwsx
Lamika,Rickey,1997,Laria,2727223462,iloveyou
Joenathan,Shareen,2002,Kasy,4387419785,iloveyou
Mansoor,Alexander,1988,Teddrick,8425457784,abc123
Irais,Shamaria,1994,Domonigue,6819288947,1qaz2wsx
Charle,Darcy,1962,Denetria,6635876650,password
Kerissa,Kaydi,1982,Tzvi,7604697860,iloveyou
Akram,Fawna,2002,Alphonso,7486201099,987654
Quinetta,Annaleigh,1981,Rhesa,0951060156,qazwsx
Nena,Tyan,1988,Tiauna,3362533537,password
Burgess,Matan,1957,Morgann,4103237848,letmein
Maricus,Meighan,1964,Makenna,0689863235,123qwe
Tiffannie,Meggen,1982,Hasina,8819622506,123qwe
Marius,Jestine,1985,Marquarius,0878919346,letmein
Kelli,Idrees,1950,Cythia,2202197510,qazwsx
Kathaleen,Yavonda,1968,Neilson,0548030128,admin
Coreena,Rayshell,1950,Valincia,8366724913,iloveyou
Cleotha,Marsheena,1971,Meggan,5921965423,987654
Chadd,Cassidie,1988,Tiaira,1449835047,password
Stina,Raymundo,1984,Vincenza,0815734637,qazwsx
Mala,Secret,2005,Rodolfo,5838153140,123456
Delontae,Monifa,1981,Radames,0347950714,iloveyou
Maurizio,Jamas,1969,Electra,0661949099,987654
Jamian,Minda,1995,Treasure,6313429195,admin
Kendricks,Yahya,2004,Breona,8789927383,qwerty
Delroy,Shatika,1962,Halimah,5588838274,asdfgh
Raffael,Byanca,1976,Jamelyn,1638906130,iloveyou
Jermany,Bradley,1961,Cyler,4168513615,zxcvbn
Jung,Madalyn,2002,Lauren,0589790121,letmein
Vaishali,Tavon,2004,Nichel,0771799362,987654
Dijuan,Tarus,1957,Shalan,4753567539,zxcvbn
Colbi,Raena,1954,Mariette,3707401936,iloveyou
Jarrette,Jermell,1995,Zion,6663179183,zxcvbn
Jaquelyn,Ambre,1953,Blaise,3550160269,iloveyou
Alejandra,Kaia,1956,Teofilo,1428998088,qwerty
Benard,Terelle,1979,Iva,0328682175,letmein
Rahiem,Lamond,1997,Liliano,4505866155,zxcvbn
Celesta,Annastasia,1992,Brandenn,8398642437,123456
Keidra,Jahn,1958,Dedrick,1425655315,password
Annamae,Chardonnay,1954,Shalin,0096174610,qwerty
Reece,Laketha,1958,Abena,9133774554,qazwsx
Chasen,Khary,1977,Claudius,6815655120,qwerty
Andera,Antoin,1995,Demarkus,7341891521,iloveyou
Latisa,Crystina,1965,Clayborn,9748107345,admin
Covey,Oneal,1954,Jermanie,3362927744,letmein
Corwyn,Cristy,1961,Aletheia,6307236526,987654
Lashundra,Marsheena,1980,Luanne,0122803788,123qwe
Sabrena,Teryl,1959,Shalon,2563848634,letmein
Algernon,Zeina,1959,Nhung,2566702445,1qaz2wsx
Kilah,Loredana,1959,Austine,2062583348,qwerty
Raya,Janny,1963,Nessa,4675376367,1qaz2wsx
Arlanda,Lanetra,1951,Patti,4598263894,1qaz2wsx
Georganne,Talmadge,1970,Brien,1110522470,asdfgh
Kanisha,Ashli,1966,Willis,8485815938,abc123
Ondrea,Jaun,1973,Al,6638481107,123qwe
Kewan,Khaled,1973,Ky,1170307276,123456
Armando,Yasmin,1984,Quang,1840612304,123456
Jerold,Raschelle,2005,Ramonita,3318209132,password
Morgana,Darrnell,1983,Marlene,9119003253,password
Lashaunta,Trasha,1985,Aminda,6300549863,letmein
Kimberlly,Larinda,1962,York,7911340838,987654
Thierry,Leeander,1995,Malisha,4351838495,qwerty
Shanterica,Lasheka,1952,Becca,6400328772,qwerty
Kammi,Cheryle,2002,Jamia,3084332279,1qaz2wsx
Manuel,Tanzania,1982,Lynwood,2087519546,1qaz2wsx
Collyn,Stony,1973,Marija,9300861757,qazwsx
Kenroy,Ustin,1984,Evelyne,2259915796,123qwe
Leaha,Cliffton,1999,Rennie,0567713417,qwerty
Laurence,Detric,1956,Danna,1239720284,letmein
Mirtha,Vinh,1952,Tyra,8352241009,iloveyou
